{"myData":[{"titulo":"Apple Tree Yard","img":"uploads\/Apple-Tree-Yard49.jpg","urla":"serie\/apple-tree-yard.html"}]}
{"myData":[{"titulo":"Better Call Saul","img":"uploads\/Better-Call-Saul54.jpg","urla":"serie\/better-call-saul.html"}]}
{"myData":[{"titulo":"Breaking Bad","img":"uploads\/Breaking-Bad23.jpg","urla":"serie\/breaking-bad.html"}]}
{"myData":[{"titulo":"Brockmire","img":"uploads\/Brockmire60.jpg","urla":"serie\/brockmire.html"}]}
{"myData":[{"titulo":"Class","img":"uploads\/Class89.jpg","urla":"serie\/class.html"}]}
{"myData":[{"titulo":"Cleverman","img":"uploads\/Cleverman55.jpg","urla":"serie\/cleverman.html"}]}
{"myData":[{"titulo":"Dietland","img":"uploads\/Dietland44.jpg","urla":"serie\/dietland.html"}]}
{"myData":[{"titulo":"Dinastias (Dynasties)","img":"uploads\/Dinastias-(Dynasties)92.jpg","urla":"serie\/dynasties.html"}]}
{"myData":[{"titulo":"Dirk Gentlys Holistic Detective Agency","img":"uploads\/Dirk-Gentlys-Holistic-Detective-Agency10.jpg","urla":"serie\/dirk-gentlys-holistic-detective-agency.html"}]}
{"myData":[{"titulo":"Doctor Who","img":"uploads\/Doctor-Who57.jpg","urla":"serie\/doctor-who.html"}]}
{"myData":[{"titulo":"El descubrimiento de las brujas","img":"uploads\/El-descubrimiento-de-las-brujas91.jpg","urla":"serie\/discovery-of-witches.html"}]}
{"myData":[{"titulo":"El Infiltrado (The Night Manager)","img":"uploads\/El-Infiltrado-(The-Night-Manager)64.jpg","urla":"serie\/the-night-manager.html"}]}
{"myData":[{"titulo":"Fear The Walking Dead","img":"uploads\/Fear-The-Walking-Dead73.jpg","urla":"serie\/fear-the-walking-dead.html"}]}
{"myData":[{"titulo":"Feed the Beast","img":"uploads\/Feed-the-Beast19.jpg","urla":"serie\/feed-the-beast.html"}]}
{"myData":[{"titulo":"Halt and Catch Fire","img":"uploads\/Halt-and-Catch-Fire74.jpg","urla":"serie\/halt-and-catch-fire.html"}]}
{"myData":[{"titulo":"Hell on Wheels (Infierno-sobre-Ruedas)","img":"uploads\/Hell-on-Wheels-(Infierno-sobre-Ruedas)16.jpg","urla":"serie\/hell-on-wheels.html"}]}
{"myData":[{"titulo":"Humans","img":"uploads\/Humans49.jpg","urla":"serie\/humans.html"}]}
{"myData":[{"titulo":"Into The Badlands","img":"uploads\/Into-The-Badlands79.jpg","urla":"serie\/into-the-badlands.html"}]}
{"myData":[{"titulo":"James Cameron: historia de la ciencia ficcion","img":"uploads\/James-Cameron-historia-de-la-ciencia-ficcion89.jpg","urla":"serie\/james-cameron-historia.html"}]}
{"myData":[{"titulo":"Killing Eve","img":"uploads\/Killing-Eve64.jpg","urla":"serie\/killing-eve.html"}]}
{"myData":[{"titulo":"Loaded","img":"uploads\/Loaded63.jpg","urla":"serie\/loaded.html"}]}
{"myData":[{"titulo":"Lodge 49","img":"uploads\/Lodge-4967.jpg","urla":"serie\/lodge-49.html"}]}
{"myData":[{"titulo":"Los Superheroes del Comic86","img":"uploads\/Los-Superheroes-del-Comic86.jpg","urla":"serie\/los-superheroes-del-comic.html"}]}
{"myData":[{"titulo":"Mad Men","img":"uploads\/Mad-Men7.jpg","urla":"serie\/mad-men.html"}]}
{"myData":[{"titulo":"McMafia","img":"uploads\/McMafia1.jpg","urla":"serie\/mcmafia.html"}]}
{"myData":[{"titulo":"Next of Kin","img":"uploads\/Next-of-Kin80.jpg","urla":"serie\/next-of-kin.html"}]}
{"myData":[{"titulo":"Preacher","img":"uploads\/Preacher65.jpg","urla":"serie\/preacher.html"}]}
{"myData":[{"titulo":"Rebellion","img":"uploads\/Rebellion30.jpg","urla":"serie\/rebellion.html"}]}
{"myData":[{"titulo":"Rectify","img":"uploads\/Rectify12.jpg","urla":"serie\/rectify.html"}]}
{"myData":[{"titulo":"Ride with Norman Reedus","img":"uploads\/Ride-with-Norman-Reedus31.jpg","urla":"serie\/ride-with-norman-reedus.html"}]}
{"myData":[{"titulo":"Riviera","img":"uploads\/Riviera85.jpg","urla":"serie\/riviera.html"}]}
{"myData":[{"titulo":"Rosehaven","img":"uploads\/Rosehaven82.jpg","urla":"serie\/rosehaven.html"}]}
{"myData":[{"titulo":"Stan Against Evil","img":"uploads\/Stan-Against-Evil23.jpg","urla":"serie\/stan-against-evil.html"}]}
{"myData":[{"titulo":"The American West","img":"uploads\/The-American-West67.jpg","urla":"serie\/the-american-west.html"}]}
{"myData":[{"titulo":"The Little Drummer Girl","img":"uploads\/The-Little-Drummer-Girl22.jpg","urla":"serie\/the-little-drummer.html"}]}
{"myData":[{"titulo":"The Making of The Mob","img":"uploads\/The-Making-of-The-Mob28.jpg","urla":"serie\/the-making-of-the-mob.html"}]}
{"myData":[{"titulo":"The Son","img":"uploads\/The-Son66.jpg","urla":"serie\/the-son.html"}]}
{"myData":[{"titulo":"The Terror","img":"uploads\/The-Terror91.jpg","urla":"serie\/the-terror.html"}]}
{"myData":[{"titulo":"The Walking Dead","img":"uploads\/The-Walking-Dead2.jpg","urla":"serie\/the-walking-dead.html"}]}
{"myData":[{"titulo":"TURN: Espias en Washington","img":"uploads\/TURN-Espias-en-Washington22.jpg","urla":"serie\/turn-espias-en-washington.html"}]}
